Model,R²,RMSE,MAE
Linear Regression,0.9979620143862845,1.2226000666614838,0.8837162636531337
KNN,-0.3283339681828674,31.213142668755303,22.77658241758241
SVM,-6.956027878083199,76.3892078173766,59.59826884743013
Random Forest,-0.26211399568516547,30.425179525972922,21.729244322344165
